<?xml version="1.0" encoding="UTF-8"?>
<project-private xmlns="http://www.netbeans.org/ns/project-private/1">
    <editor-bookmarks xmlns="http://www.netbeans.org/ns/editor-bookmarks/2" lastBookmarkId="0"/>
    <open-files xmlns="http://www.netbeans.org/ns/projectui-open-files/2">
        <group>
            <file>file:/D:/COURS/LICENCE3/JAVA/PROJET/GESTION%20CLINIQUE/src/entities/User.java</file>
            <file>file:/D:/COURS/LICENCE3/JAVA/PROJET/GESTION%20CLINIQUE/src/views/ListrendezvousController.java</file>
            <file>file:/D:/COURS/LICENCE3/JAVA/PROJET/GESTION%20CLINIQUE/src/dao/PatientDao.java</file>
            <file>file:/D:/COURS/LICENCE3/JAVA/PROJET/GESTION%20CLINIQUE/src/views/v_listprestation.fxml</file>
            <file>file:/D:/COURS/LICENCE3/JAVA/PROJET/GESTION%20CLINIQUE/src/dao/SecretaireDao.java</file>
            <file>file:/D:/COURS/LICENCE3/JAVA/PROJET/GESTION%20CLINIQUE/src/services/Service.java</file>
            <file>file:/D:/COURS/LICENCE3/JAVA/PROJET/GESTION%20CLINIQUE/src/Utils/Validator.java</file>
            <file>file:/D:/COURS/LICENCE3/JAVA/PROJET/GESTION%20CLINIQUE/src/dao/RendezVousDao.java</file>
            <file>file:/D:/COURS/LICENCE3/JAVA/PROJET/GESTION%20CLINIQUE/src/views/DossiermedicalController.java</file>
            <file>file:/D:/COURS/LICENCE3/JAVA/PROJET/GESTION%20CLINIQUE/src/Utils/ViewService.java</file>
            <file>file:/D:/COURS/LICENCE3/JAVA/PROJET/GESTION%20CLINIQUE/src/entities/Secretaire.java</file>
            <file>file:/D:/COURS/LICENCE3/JAVA/PROJET/GESTION%20CLINIQUE/src/dao/DossierMedicalDao.java</file>
            <file>file:/D:/COURS/LICENCE3/JAVA/PROJET/GESTION%20CLINIQUE/src/entities/Medecin.java</file>
            <file>file:/D:/COURS/LICENCE3/JAVA/PROJET/GESTION%20CLINIQUE/src/entities/DossierMedical.java</file>
            <file>file:/D:/COURS/LICENCE3/JAVA/PROJET/GESTION%20CLINIQUE/src/entities/Patient.java</file>
            <file>file:/D:/COURS/LICENCE3/JAVA/PROJET/GESTION%20CLINIQUE/src/views/DoconsultationController.java</file>
            <file>file:/D:/COURS/LICENCE3/JAVA/PROJET/GESTION%20CLINIQUE/src/entities/RendezVous.java</file>
            <file>file:/D:/COURS/LICENCE3/JAVA/PROJET/GESTION%20CLINIQUE/src/entities/Prestation.java</file>
            <file>file:/D:/COURS/LICENCE3/JAVA/PROJET/GESTION%20CLINIQUE/src/views/ListprestationController.java</file>
            <file>file:/D:/COURS/LICENCE3/JAVA/PROJET/GESTION%20CLINIQUE/src/entities/ResponsablePrestation.java</file>
            <file>file:/D:/COURS/LICENCE3/JAVA/PROJET/GESTION%20CLINIQUE/src/dao/ConsultationDao.java</file>
            <file>file:/D:/COURS/LICENCE3/JAVA/PROJET/GESTION%20CLINIQUE/src/entities/Ordonnance.java</file>
            <file>file:/D:/COURS/LICENCE3/JAVA/PROJET/GESTION%20CLINIQUE/src/dao/Database.java</file>
        </group>
    </open-files>
</project-private>
